{"train/loss":9.18193244934082,"lr":2.3999999999999997e-05,"_timestamp":1.773272692895091e+09,"_wandb":{"runtime":200},"_runtime":200.955829291,"_step":16}